INSERT INTO 予約者(予約者ID,貸出券番号,名前,ふりがな,住所,郵便番号,EMAIL,パスワード) VALUES (1000,74024,'利用者太朗','利用者ふりがな','利用者住所','111-1111','aa@co.jp','11111111');
INSERT INTO 予約者(予約者ID,貸出券番号,名前,ふりがな,住所,郵便番号,EMAIL,パスワード) VALUES (1001,74021,'テスト太朗','テスト太朗ふりがな','テスト太郎利用者住所','111-1111','aa@co.jp','11111111');
INSERT INTO 予約者(予約者ID,貸出券番号,名前,ふりがな,住所,郵便番号,EMAIL,パスワード) VALUES (1002,74022,'利用者太朗','利用者太朗ふりがな','利用者太郎住所','222-2222','bb@co.jp','22222222');
INSERT INTO 予約者(予約者ID,貸出券番号,名前,ふりがな,住所,郵便番号,EMAIL,パスワード) VALUES (1003,74023,'メッセージ太朗','メッセージ太朗ふりがな','メッセージ太郎住所','333-3333','cc@co.jp','33333333');
INSERT INTO 管理者(管理者ID,管理者番号,名前,ふりがな,住所,郵便番号,EMAIL,パスワード) VALUES (1001,99999,'管理者太朗','管理者ふりがな','管理者住所','999-9999','zz@co.jp','99999999');


INSERT INTO 出版社(  出版社ID,出版社名 ) VALUES (1,'岩波書店');
INSERT INTO 出版社(  出版社ID,出版社名 ) VALUES (2,'講談社');
INSERT INTO 出版社(  出版社ID,出版社名 ) VALUES (3,'新潮社');
INSERT INTO 出版社(  出版社ID,出版社名 ) VALUES (4,'筑摩書房');
INSERT INTO 出版社(  出版社ID,出版社名 ) VALUES (5,'平凡社');
INSERT INTO 出版社(  出版社ID,出版社名 ) VALUES (6,'中央公論社');
INSERT INTO 出版社(  出版社ID,出版社名 ) VALUES (7,'朝日新聞社');
INSERT INTO 出版社(  出版社ID,出版社名 ) VALUES (8,'みすず書房');

INSERT INTO 書籍(  書籍ID,書名,著者,価格,出版社ID,出版年,登録日時)  VALUES (1,'江戸にラクダがやって来た','川添裕 著',2900,1,'2022-09-11','2022-09-01');
INSERT INTO 書籍(  書籍ID,書名,著者,価格,出版社ID,出版年,登録日時)  VALUES (2,'評伝モハメド・アリ','ジョナサン・アイグ 著',3600,1,'2022-09-11','2022-09-02');
INSERT INTO 書籍(  書籍ID,書名,著者,価格,出版社ID,出版年,登録日時)  VALUES (3,'反自然主義の教育思想','今井康雄 著',4500,1,'2022-09-11','2022-09-03');
INSERT INTO 書籍(  書籍ID,書名,著者,価格,出版社ID,出版年,登録日時)  VALUES (4,'死者を巡る「想い」の歴史','山本幸司 著',2500,1,'2022-09-11','2022-09-04');
INSERT INTO 書籍(  書籍ID,書名,著者,価格,出版社ID,出版年,登録日時)  VALUES (5,'ことばとふたり','きたむらさとし え・やく',1600,1,'2022-09-11','2022-09-05');
INSERT INTO 書籍(  書籍ID,書名,著者,価格,出版社ID,出版年,登録日時)  VALUES (6,'田園の憂鬱','佐藤春夫 作',600,1,'2022-09-11','2022-09-06');
INSERT INTO 書籍(  書籍ID,書名,著者,価格,出版社ID,出版年,登録日時)  VALUES (7,'正岡子規ベースボール文集','正岡子規 著',420,1,'2022-09-11','2022-09-07');
INSERT INTO 書籍(  書籍ID,書名,著者,価格,出版社ID,出版年,登録日時)  VALUES (8,'サラゴサ手稿 上','ヤン・ポトツキ 作',1140,1,'2022-09-11','2022-09-08');
INSERT INTO 書籍(  書籍ID,書名,著者,価格,出版社ID,出版年,登録日時)  VALUES (9,'記者がひもとく「少年」事件史','川名壮志 著',860,1,'2022-09-11','2022-09-09');
INSERT INTO 書籍(  書籍ID,書名,著者,価格,出版社ID,出版年,登録日時)  VALUES (10,'日本中世の民衆世界','三枝暁子 著',880,1,'2022-09-11','2022-09-10');
INSERT INTO 書籍(  書籍ID,書名,著者,価格,出版社ID,出版年,登録日時)  VALUES (11,'古代ギリシアの民主政','橋場弦 著',900,1,'2022-09-11','2022-09-11');
INSERT INTO 書籍(  書籍ID,書名,著者,価格,出版社ID,出版年,登録日時)  VALUES (12,'“正しい”を疑え!','真山仁 著',860,1,'2022-09-11','2022-09-12');
INSERT INTO 書籍(  書籍ID,書名,著者,価格,出版社ID,出版年,登録日時)  VALUES (13,'津田梅子','高橋裕子 著',880,1,'2022-09-11','2022-09-13');
INSERT INTO 書籍(  書籍ID,書名,著者,価格,出版社ID,出版年,登録日時)  VALUES (14,'日本仏教の社会倫理','島薗進 著',1540,1,'2022-09-11','2022-09-14');
INSERT INTO 書籍(  書籍ID,書名,著者,価格,出版社ID,出版年,登録日時)  VALUES (15,'アジアの孤児','呉濁流 著',1320,1,'2022-09-11','2022-09-15');
INSERT INTO 書籍(  書籍ID,書名,著者,価格,出版社ID,出版年,登録日時)  VALUES (16,'どこ?','山形明美 作',1400,2,'2022-09-24','2022-09-16');
INSERT INTO 書籍(  書籍ID,書名,著者,価格,出版社ID,出版年,登録日時)  VALUES (17,'マンガでわかる世界でただひとつの株式投資入門','山崎元 著',1400,2,'2022-09-24','2022-09-17');
INSERT INTO 書籍(  書籍ID,書名,著者,価格,出版社ID,出版年,登録日時)  VALUES (18,'知りたい!行ってみたい!なぞとき絶景図鑑','増田明代 文・構成',2100,2,'2022-09-24','2022-09-18');
INSERT INTO 書籍(  書籍ID,書名,著者,価格,出版社ID,出版年,登録日時)  VALUES (19,'バズ・ライトイヤーさがしてあそぼう!','講談社 編',1400,2,'2022-09-24','2022-09-19');
INSERT INTO 書籍(  書籍ID,書名,著者,価格,出版社ID,出版年,登録日時)  VALUES (20,'ディズニープリンセスドレスデザイナーシールえほん','講談社 編集',891,2,'2022-09-24','2022-09-20');
INSERT INTO 書籍(  書籍ID,書名,著者,価格,出版社ID,出版年,登録日時)  VALUES (21,'春馬くんとの“未来の雑談”','斉藤かおる 著',1400,2,'2022-09-24','2022-09-21');
INSERT INTO 書籍(  書籍ID,書名,著者,価格,出版社ID,出版年,登録日時)  VALUES (22,'初恋は血の味がする 2','山田憂香',660,2,'2022-09-24','2022-09-22');
INSERT INTO 書籍(  書籍ID,書名,著者,価格,出版社ID,出版年,登録日時)  VALUES (23,'全仮面ライダークイズ大図鑑100','',1091,2,'2022-09-24','2022-09-23');
INSERT INTO 書籍(  書籍ID,書名,著者,価格,出版社ID,出版年,登録日時)  VALUES (24,'ダッフィー&フレンズファンブック 2022-2023','ディズニーファン編集部 編',1600,2,'2022-09-24','2022-09-24');
INSERT INTO 書籍(  書籍ID,書名,著者,価格,出版社ID,出版年,登録日時)  VALUES (25,'1日5分で昔話をおぼえるほん','あきやまかぜさぶろう 作',1200,2,'2022-09-24','2022-09-25');
INSERT INTO 書籍(  書籍ID,書名,著者,価格,出版社ID,出版年,登録日時)  VALUES (26,'焼いてるふたり 08','ハナツカシオリ',660,2,'2022-09-24','2022-09-26');
INSERT INTO 書籍(  書籍ID,書名,著者,価格,出版社ID,出版年,登録日時)  VALUES (27,'ひよこどこどこ','やまだだり 作',1100,2,'2022-09-24','2022-09-27');
INSERT INTO 書籍(  書籍ID,書名,著者,価格,出版社ID,出版年,登録日時)  VALUES (28,'ひらばのひと 3','久世番子 漫画',650,2,'2022-09-24','2022-09-28');
INSERT INTO 書籍(  書籍ID,書名,著者,価格,出版社ID,出版年,登録日時)  VALUES (29,'出禁のモグラ 第3巻','江口夏実 著',650,2,'2022-09-24','2022-09-29');
INSERT INTO 書籍(  書籍ID,書名,著者,価格,出版社ID,出版年,登録日時)  VALUES (30,'警視庁草紙 4','東直輝 漫画',660,2,'2022-09-24','2022-09-30');
INSERT INTO 書籍(  書籍ID,書名,著者,価格,出版社ID,出版年,登録日時)  VALUES (31,'会社帰りのパ・ド・ドゥ 1','瀬田ハルヒ',650,2,'2022-09-24','2022-10-01');
INSERT INTO 書籍(  書籍ID,書名,著者,価格,出版社ID,出版年,登録日時)  VALUES (32,'リエゾン 10','ヨンチャン 原作・漫画',660,2,'2022-09-24','2022-10-02');
INSERT INTO 書籍(  書籍ID,書名,著者,価格,出版社ID,出版年,登録日時)  VALUES (33,'帰らないおじさん','西村マリコ',650,2,'2022-09-24','2022-10-03');
INSERT INTO 書籍(  書籍ID,書名,著者,価格,出版社ID,出版年,登録日時)  VALUES (34,'バイオレンスジャック20XX 3','衣谷遊 漫画',730,2,'2022-09-24','2022-10-04');
INSERT INTO 書籍(  書籍ID,書名,著者,価格,出版社ID,出版年,登録日時)  VALUES (35,'妻と僕の小規模な育児 7','福満しげゆき',720,2,'2022-09-24','2022-10-05');
INSERT INTO 書籍(  書籍ID,書名,著者,価格,出版社ID,出版年,登録日時)  VALUES (36,'蓼食う君も好き好き 2','当麻',660,2,'2022-09-24','2022-10-06');
INSERT INTO 書籍(  書籍ID,書名,著者,価格,出版社ID,出版年,登録日時)  VALUES (37,'ツワモノガタリ 3','細川忠孝',660,2,'2022-09-24','2022-10-07');
INSERT INTO 書籍(  書籍ID,書名,著者,価格,出版社ID,出版年,登録日時)  VALUES (38,'テンカイチ 5','あずま京太郎 漫画',660,2,'2022-09-24','2022-10-08');
INSERT INTO 書籍(  書籍ID,書名,著者,価格,出版社ID,出版年,登録日時)  VALUES (39,'あの、一本イれていいですか? 2','森口ジョー',660,2,'2022-09-24','2022-10-09');
INSERT INTO 書籍(  書籍ID,書名,著者,価格,出版社ID,出版年,登録日時)  VALUES (40,'攻殻機動隊THE HUMAN ALGORITHM 4','吉本祐樹 漫画',1100,2,'2022-09-24','2022-10-10');
INSERT INTO 書籍(  書籍ID,書名,著者,価格,出版社ID,出版年,登録日時)  VALUES (41,'カスミ荘の漫画家志望達 1','大野そら 漫画',660,2,'2022-09-24','2022-10-11');
INSERT INTO 書籍(  書籍ID,書名,著者,価格,出版社ID,出版年,登録日時)  VALUES (42,'野苺少女殺人事件 03','江口侑輝',730,2,'2022-09-24','2022-10-12');
INSERT INTO 書籍(  書籍ID,書名,著者,価格,出版社ID,出版年,登録日時)  VALUES (43,'推しが辞めた 3','オガワサラ',660,2,'2022-09-24','2022-10-13');
INSERT INTO 書籍(  書籍ID,書名,著者,価格,出版社ID,出版年,登録日時)  VALUES (44,'ひとりでしにたい 5','カレー沢薫 著',690,2,'2022-09-24','2022-10-14');
INSERT INTO 書籍(  書籍ID,書名,著者,価格,出版社ID,出版年,登録日時)  VALUES (45,'高度に発達した医学は魔法と区別がつかない 2','瀧下信英 漫画',670,2,'2022-09-24','2022-10-15');
INSERT INTO 書籍(  書籍ID,書名,著者,価格,出版社ID,出版年,登録日時)  VALUES (46,'異世界の歩き方 1','redo',660,2,'2022-09-24','2022-10-16');
INSERT INTO 書籍(  書籍ID,書名,著者,価格,出版社ID,出版年,登録日時)  VALUES (47,'踊るリスポーン 8','三ケ嶋犬太朗',660,2,'2022-09-24','2022-10-17');
INSERT INTO 書籍(  書籍ID,書名,著者,価格,出版社ID,出版年,登録日時)  VALUES (48,'笑顔のたえない職場です。 6','くずしろ',660,2,'2022-09-24','2022-10-18');
INSERT INTO 書籍(  書籍ID,書名,著者,価格,出版社ID,出版年,登録日時)  VALUES (49,'雨夜の月 3','くずしろ',660,2,'2022-09-24','2022-10-19');
INSERT INTO 書籍(  書籍ID,書名,著者,価格,出版社ID,出版年,登録日時)  VALUES (50,'ヴァンパイア女史の秘密 1','赤井千歳',660,2,'2022-09-24','2022-10-20');
INSERT INTO 書籍(  書籍ID,書名,著者,価格,出版社ID,出版年,登録日時)  VALUES (51,'アカイリンゴ 5','ムラタコウジ',660,2,'2022-09-24','2022-10-21');
INSERT INTO 書籍(  書籍ID,書名,著者,価格,出版社ID,出版年,登録日時)  VALUES (52,'怨讐のレプリカ 3','おりお無',660,2,'2022-09-24','2022-10-22');
INSERT INTO 書籍(  書籍ID,書名,著者,価格,出版社ID,出版年,登録日時)  VALUES (53,'彼女の友達 2','じゅら',660,2,'2022-09-24','2022-10-23');
INSERT INTO 書籍(  書籍ID,書名,著者,価格,出版社ID,出版年,登録日時)  VALUES (54,'マタギガンナー 1','Juan Albarran 作画',650,2,'2022-09-24','2022-10-24');
INSERT INTO 書籍(  書籍ID,書名,著者,価格,出版社ID,出版年,登録日時)  VALUES (55,'鑑定眼 4','後藤悠太 作画',650,2,'2022-09-24','2022-10-25');
INSERT INTO 書籍(  書籍ID,書名,著者,価格,出版社ID,出版年,登録日時)  VALUES (56,'天狗の台所 1','田中相',710,2,'2022-09-24','2022-10-26');
INSERT INTO 書籍(  書籍ID,書名,著者,価格,出版社ID,出版年,登録日時)  VALUES (57,'しゅつどう!パジャマスクめいろあそびえほん','',800,2,'2022-09-24','2022-10-27');
INSERT INTO 書籍(  書籍ID,書名,著者,価格,出版社ID,出版年,登録日時)  VALUES (58,'フラジャイル 23','恵三朗 漫画',680,2,'2022-09-24','2022-10-28');
INSERT INTO 書籍(  書籍ID,書名,著者,価格,出版社ID,出版年,登録日時)  VALUES (59,'わたしたちは無痛恋愛がしたい 2','瀧波ユカリ',650,2,'2022-09-24','2022-10-29');
INSERT INTO 書籍(  書籍ID,書名,著者,価格,出版社ID,出版年,登録日時)  VALUES (60,'誰も知らんがな 1','サライネス',650,2,'2022-09-24','2022-10-30');
INSERT INTO 書籍(  書籍ID,書名,著者,価格,出版社ID,出版年,登録日時)  VALUES (61,'やる気なし英雄譚 1','千嶌オワリ 漫画',650,2,'2022-09-24','2022-11-01');
INSERT INTO 書籍(  書籍ID,書名,著者,価格,出版社ID,出版年,登録日時)  VALUES (62,'アンメット 7','大槻閑人 漫画',650,2,'2022-09-24','2022-11-02');
INSERT INTO 書籍(  書籍ID,書名,著者,価格,出版社ID,出版年,登録日時)  VALUES (63,'グラゼニ 2','足立金太郎 漫画',650,2,'2022-09-24','2022-11-03');
INSERT INTO 書籍(  書籍ID,書名,著者,価格,出版社ID,出版年,登録日時)  VALUES (64,'たたセン 2','広瀬べろせ',650,2,'2022-09-24','2022-11-04');
INSERT INTO 書籍(  書籍ID,書名,著者,価格,出版社ID,出版年,登録日時)  VALUES (65,'1日4分世界標準の科学的トレーニング','田畑泉 著',1000,2,'2022-09-24','2022-11-05');
INSERT INTO 書籍(  書籍ID,書名,著者,価格,出版社ID,出版年,登録日時)  VALUES (66,'日本の気候変動5000万年史','佐野貴司 著',1000,2,'2022-09-24','2022-11-06');
INSERT INTO 書籍(  書籍ID,書名,著者,価格,出版社ID,出版年,登録日時)  VALUES (67,'40歳からは自由に生きる','池田清彦 著',900,2,'2022-09-24','2022-11-07');
INSERT INTO 書籍(  書籍ID,書名,著者,価格,出版社ID,出版年,登録日時)  VALUES (68,'時計遺伝子','岡村均 著',1000,2,'2022-09-24','2022-11-08');
INSERT INTO 書籍(  書籍ID,書名,著者,価格,出版社ID,出版年,登録日時)  VALUES (69,'新・哲学入門','竹田青嗣 著',1100,2,'2022-09-24','2022-11-09');
INSERT INTO 書籍(  書籍ID,書名,著者,価格,出版社ID,出版年,登録日時)  VALUES (70,'ハンナ・アレント','牧野雅彦 著',800,2,'2022-09-24','2022-11-10');
INSERT INTO 書籍(  書籍ID,書名,著者,価格,出版社ID,出版年,登録日時)  VALUES (71,'亀裂','高橋篤史 著',1800,2,'2022-09-24','2022-11-11');
INSERT INTO 書籍(  書籍ID,書名,著者,価格,出版社ID,出版年,登録日時)  VALUES (72,'バウンスバック 6','こしのりょう 著',650,2,'2022-09-24','2022-11-12');
INSERT INTO 書籍(  書籍ID,書名,著者,価格,出版社ID,出版年,登録日時)  VALUES (73,'創世のタイガ 10','森恒二',650,2,'2022-09-24','2022-11-13');
INSERT INTO 書籍(  書籍ID,書名,著者,価格,出版社ID,出版年,登録日時)  VALUES (74,'ショーペンハウアー','梅田孝太 著',800,2,'2022-09-24','2022-11-14');
INSERT INTO 書籍(  書籍ID,書名,著者,価格,出版社ID,出版年,登録日時)  VALUES (75,'デイジー 4','ALLYN 作画',940,2,'2022-09-24','2022-11-15');
INSERT INTO 書籍(  書籍ID,書名,著者,価格,出版社ID,出版年,登録日時)  VALUES (76,'虚弱タンク令嬢は年中無休で発熱中','香月航 著',664,2,'2022-09-24','2022-11-16');
